id,dataset,model,method,timestamp,question,stage1_prompt,stage1_response,stage2_prompt,stage2_response,extracted_answer,ground_truth,is_correct,processing_time_ms,error
AddSub_1,AddSub,gemini-2.5-flash,zero_shot,2025-07-29T13:08:58.550606,Joan found 70 seashells on the beach . she gave Sam some of her seashells . She has 27 seashell . How many seashells did she give to Sam ?,Joan found 70 seashells on the beach . she gave Sam some of her seashells . She has 27 seashell . How many seashells did she give to Sam ?,"Joan started with 70 seashells.
She has 27 seashells left.

To find out how many she gave to Sam, subtract the number she has left from the number she started with:

70 - 27 = 43

Joan gave **43** seashells to Sam.",The final answer is: (provide only the number),43,43,43,True,2708,
AddSub_2,AddSub,gemini-2.5-flash,zero_shot,2025-07-29T13:09:01.258934,There were 28 bales of hay in the barn . Tim stacked bales in the barn today . There are now 54 bales of hay in the barn . How many bales did he store in the barn ?,There were 28 bales of hay in the barn . Tim stacked bales in the barn today . There are now 54 bales of hay in the barn . How many bales did he store in the barn ?,"Here's how to solve the problem:

* **Starting bales:** 28
* **Ending bales:** 54

To find out how many bales Tim stored, subtract the starting amount from the ending amount:

54 - 28 = 26

Tim stored **26** bales in the barn.",The final answer is: (provide only the number),26,26,26,True,3616,
CommonsenseQA_1afa02df02c908a558b4036e80242fac,CommonsenseQA,gemini-2.5-flash,zero_shot,2025-07-29T13:09:04.875754,"A revolving door is convenient for two direction travel, but it also serves as a security measure at a what?

A) bank
B) library
C) department store
D) mall
E) new york","A revolving door is convenient for two direction travel, but it also serves as a security measure at a what?

A) bank
B) library
C) department store
D) mall
E) new york","A revolving door serves as a security measure at a **A) bank**.

Banks often use revolving doors to:
* **Control access:** They allow only one person to enter or exit at a time, making it harder for multiple individuals to rush in or out during a robbery.
* **Deter ""smash and grab"" robberies:** The design makes it difficult for a large group to quickly enter and exit with stolen goods.
* **Provide a barrier:** They can be locked or monitored more easily than a wide-open entrance.","The final answer is: (provide only the letter A, B, C, D, or E)",A,A,A,True,5920,
CommonsenseQA_a7ab086045575bb497933726e4e6ad28,CommonsenseQA,gemini-2.5-flash,zero_shot,2025-07-29T13:09:10.795837,"What do people aim to do at work?

A) complete job
B) learn from each other
C) kill animals
D) wear hats
E) talk to each other","What do people aim to do at work?

A) complete job
B) learn from each other
C) kill animals
D) wear hats
E) talk to each other","The most fundamental and universal aim people have at work is to **A) complete job**.

While other things like learning (B) and talking (E) happen at work and can be beneficial, they are often done *in order to* complete the job or are secondary benefits. Killing animals (C) and wearing hats (D) are highly specific and not general aims of work.","The final answer is: (provide only the letter A, B, C, D, or E)",A,A,A,True,3718,
MultiArith_0,MultiArith,gemini-2.5-flash,zero_shot,2025-07-29T13:09:14.514834,"For Halloween Debby and her sister combined the candy they received. Debby had 32 pieces of candy while her sister had 42. If they ate 35 pieces the first night, how many pieces do they have left?","For Halloween Debby and her sister combined the candy they received. Debby had 32 pieces of candy while her sister had 42. If they ate 35 pieces the first night, how many pieces do they have left?","Here's how to solve the problem step-by-step:

1.  **Find the total candy they had together:**
    Debby's candy + Sister's candy = Total candy
    32 + 42 = 74 pieces of candy

2.  **Subtract the candy they ate:**
    Total candy - Candy eaten = Candy left
    74 - 35 = 39 pieces of candy

They have **39** pieces of candy left.",The final answer is: (provide only the number),39,39,39,True,3483,
MultiArith_1,MultiArith,gemini-2.5-flash,zero_shot,2025-07-29T13:09:17.998573,A pet store had 13 siamese cats and 5 house cats. During a sale they sold 10 cats. How many cats do they have left?,A pet store had 13 siamese cats and 5 house cats. During a sale they sold 10 cats. How many cats do they have left?,"Here's how to solve the problem:

1.  **Find the total number of cats the store had to begin with:**
    13 Siamese cats + 5 house cats = 18 cats

2.  **Subtract the number of cats sold:**
    18 cats - 10 cats = 8 cats

They have **8** cats left.",The final answer is: (provide only the number),8,8,8,True,3039,
SingleEq_0,SingleEq,gemini-2.5-flash,zero_shot,2025-07-29T13:09:21.037690,Joan found 70 seashells on the beach. she gave Sam some of her seashells. She has 27 seashell left. How many seashells did she give to Sam ?,Joan found 70 seashells on the beach. she gave Sam some of her seashells. She has 27 seashell left. How many seashells did she give to Sam ?,"Here's how to solve the problem:

*   Joan started with 70 seashells.
*   She ended up with 27 seashells.

To find out how many she gave away, subtract the amount she has left from the amount she started with:

70 - 27 = 43

Joan gave **43** seashells to Sam.",The final answer is: (provide only the number),43,43,43,True,5026,
SingleEq_1,SingleEq,gemini-2.5-flash,zero_shot,2025-07-29T13:09:26.063902,There were 28 bales of hay in the barn. Tim stacked more bales in the barn today. There are now 54 bales of hay in the barn. How many bales did he store in the barn ?,There were 28 bales of hay in the barn. Tim stacked more bales in the barn today. There are now 54 bales of hay in the barn. How many bales did he store in the barn ?,"Here's how to solve the problem:

*   **Starting bales:** 28
*   **Ending bales:** 54
*   **Bales added:** Ending bales - Starting bales

54 - 28 = 26

Tim stored **26** more bales in the barn.",The final answer is: (provide only the number),26,26,26,True,3980,
coin_flip_0,coin_flip,gemini-2.5-flash,zero_shot,2025-07-29T13:09:30.044552,"A coin is heads up. Whitney flips the coin. Erika does not flip the coin. Tj does not flip the coin. Benito flips the coin. Is the coin still heads up? Note that ""flip"" here means ""reverse"".","A coin is heads up. Whitney flips the coin. Erika does not flip the coin. Tj does not flip the coin. Benito flips the coin. Is the coin still heads up? Note that ""flip"" here means ""reverse"".","Let's track the coin's state:

1.  **Start:** The coin is **Heads up**.
2.  **Whitney flips:** The coin becomes **Tails up**.
3.  **Erika does not flip:** The coin remains **Tails up**.
4.  **Tj does not flip:** The coin remains **Tails up**.
5.  **Benito flips:** The coin becomes **Heads up**.

So, yes, the coin is still heads up.",The final answer is: (provide only yes or no),Yes,yes,yes,True,3151,
coin_flip_1,coin_flip,gemini-2.5-flash,zero_shot,2025-07-29T13:09:33.195653,"A coin is heads up. Lucky does not flip the coin. Mireya flips the coin. Jj flips the coin. Kc flips the coin. Is the coin still heads up? Note that ""flip"" here means ""reverse"".","A coin is heads up. Lucky does not flip the coin. Mireya flips the coin. Jj flips the coin. Kc flips the coin. Is the coin still heads up? Note that ""flip"" here means ""reverse"".","Let's track the coin's state:

1.  **Initial state:** Heads Up (H)

2.  **Lucky:** ""Lucky does not flip the coin.""
    *   Coin state: Heads Up (H)

3.  **Mireya:** ""Mireya flips the coin.""
    *   Coin state: Tails Up (T)

4.  **Jj:** ""Jj flips the coin.""
    *   Coin state: Heads Up (H)

5.  **Kc:** ""Kc flips the coin.""
    *   Coin state: Tails Up (T)

After all the actions, the coin is **not** still heads up. It is tails up.",The final answer is: (provide only yes or no),No,no,no,True,4799,
grade-school-math_0,grade-school-math,gemini-2.5-flash,zero_shot,2025-07-29T13:09:37.995457,Janet’s ducks lay 16 eggs per day. She eats three for breakfast every morning and bakes muffins for her friends every day with four. She sells the remainder at the farmers' market daily for $2 per fresh duck egg. How much in dollars does she make every day at the farmers' market?,Janet’s ducks lay 16 eggs per day. She eats three for breakfast every morning and bakes muffins for her friends every day with four. She sells the remainder at the farmers' market daily for $2 per fresh duck egg. How much in dollars does she make every day at the farmers' market?,"Here's how to calculate Janet's daily earnings:

1.  **Total eggs laid:** 16
2.  **Eggs eaten for breakfast:** 3
3.  **Eggs used for muffins:** 4
4.  **Total eggs used/eaten:** 3 + 4 = 7
5.  **Eggs remaining for sale:** 16 - 7 = 9
6.  **Money made from selling:** 9 eggs * $2/egg = $18

Janet makes **$18** every day at the farmers' market.",The final answer is: (provide only the number),18,18,18,True,3421,
grade-school-math_1,grade-school-math,gemini-2.5-flash,zero_shot,2025-07-29T13:09:41.417454,A robe takes 2 bolts of blue fiber and half that much white fiber.  How many bolts in total does it take?,A robe takes 2 bolts of blue fiber and half that much white fiber.  How many bolts in total does it take?,"Let's break it down:

*   **Blue fiber:** 2 bolts
*   **White fiber:** Half of 2 bolts = 1 bolt

**Total bolts:** 2 bolts (blue) + 1 bolt (white) = **3 bolts**",The final answer is: (provide only the number),3,3,3,True,3329,
last_letters_0,last_letters,gemini-2.5-flash,zero_shot,2025-07-29T13:09:44.746484,"Take the last letters of each words in ""Whitney Erika Tj Benito"" and concatenate them.","Take the last letters of each words in ""Whitney Erika Tj Benito"" and concatenate them.","The last letters are:
*   Whitne**y**
*   Erik**a**
*   T**j**
*   Benit**o**

Concatenated, they form: **yajo**",The final answer is: (provide only the letters),yajo,yajo,yajo,True,4003,
last_letters_1,last_letters,gemini-2.5-flash,zero_shot,2025-07-29T13:09:48.750147,"Take the last letters of each words in ""Lucky Mireya Jj Kc"" and concatenate them.","Take the last letters of each words in ""Lucky Mireya Jj Kc"" and concatenate them.","The last letters are:
*   Luck**y**
*   Mirey**a**
*   J**j**
*   K**c**

Concatenated, they form: **yajc**",The final answer is: (provide only the letters),yajc,yajc,yajc,True,3401,
AddSub_1,AddSub,gemini-2.5-flash,zero_shot_cot,2025-07-29T13:09:52.152155,Joan found 70 seashells on the beach . she gave Sam some of her seashells . She has 27 seashell . How many seashells did she give to Sam ?,"Joan found 70 seashells on the beach . she gave Sam some of her seashells . She has 27 seashell . How many seashells did she give to Sam ?

Let's think step by step.","Let's break this down step by step:

1.  **Starting amount:** Joan had 70 seashells.
2.  **Amount left:** Joan has 27 seashells remaining.
3.  **Amount given away:** To find out how many she gave to Sam, we subtract the amount she has left from the amount she started with.

Calculation:
70 (started with) - 27 (has left) = 43

**Answer:** Joan gave 43 seashells to Sam.",The final answer is: (provide only the number),43,43,43,True,6069,
AddSub_2,AddSub,gemini-2.5-flash,zero_shot_cot,2025-07-29T13:09:58.221449,There were 28 bales of hay in the barn . Tim stacked bales in the barn today . There are now 54 bales of hay in the barn . How many bales did he store in the barn ?,"There were 28 bales of hay in the barn . Tim stacked bales in the barn today . There are now 54 bales of hay in the barn . How many bales did he store in the barn ?

Let's think step by step.","Here's how to solve it step-by-step:

1.  **Start with the final number of bales:** There are now 54 bales.
2.  **Subtract the original number of bales:** There were 28 bales to begin with.
3.  **The difference is how many Tim stored:** 54 - 28 = 26

**Answer:** Tim stored 26 bales in the barn.",The final answer is: (provide only the number),26,26,26,True,3831,
CommonsenseQA_1afa02df02c908a558b4036e80242fac,CommonsenseQA,gemini-2.5-flash,zero_shot_cot,2025-07-29T13:10:02.052474,"A revolving door is convenient for two direction travel, but it also serves as a security measure at a what?

A) bank
B) library
C) department store
D) mall
E) new york","A revolving door is convenient for two direction travel, but it also serves as a security measure at a what?

A) bank
B) library
C) department store
D) mall
E) new york

Let's think step by step.","The question asks where a revolving door serves as a security measure. Let's consider each option:

*   **A) bank:** Banks deal with money and valuables, making security a top priority. Revolving doors in banks can serve as a security measure by:
    *   **Controlling entry/exit:** They limit the number of people who can enter or exit at one time, making it harder for a group to rush in or out during a robbery.
    *   **""Man trap"" function:** Some high-security revolving doors can lock a person inside if a security breach is detected, preventing them from entering further or escaping.
    *   **Deterring quick getaways:** The design makes it difficult for a large number of people to quickly flee.
    *   **Integrating with security checks:** They can be designed to allow only one person through at a time, facilitating individual security checks (e.g., metal detectors).

*   **B) library:** While libraries need security against theft of books, a revolving door isn't typically a primary security measure against high-level threats like robbery. Its main purpose would be climate control or traffic flow.

*   **C) department store:** Similar to libraries, department stores focus on preventing shoplifting, but a revolving door's primary role would be climate control and managing customer flow, not as a major security barrier against violent crime.

*   **D) mall:** Malls are large public spaces. Revolving doors are used for climate control and convenience, not typically as a core security measure against crime in the way a bank would use them.

*   **E) new york:** New York is a city, not a type of establishment where a revolving door would be installed. This option is irrelevant.

Considering the options, a **bank** is the place where a revolving door most prominently serves as a security measure, beyond just convenience or climate control.

The final answer is $\boxed{A}$","The final answer is: (provide only the letter A, B, C, D, or E)",A,A,A,True,7166,
CommonsenseQA_a7ab086045575bb497933726e4e6ad28,CommonsenseQA,gemini-2.5-flash,zero_shot_cot,2025-07-29T13:10:09.219203,"What do people aim to do at work?

A) complete job
B) learn from each other
C) kill animals
D) wear hats
E) talk to each other","What do people aim to do at work?

A) complete job
B) learn from each other
C) kill animals
D) wear hats
E) talk to each other

Let's think step by step.","Let's break down each option:

*   **A) complete job:** This is the most fundamental and universal aim. People are hired to perform specific tasks and achieve certain outcomes, which collectively constitute ""completing their job."" This is why they get paid and why the organization exists.
*   **B) learn from each other:** While learning is a valuable and often encouraged aspect of work, it's usually a *secondary aim* or a *means to an end* (to better complete the job or advance one's career), rather than the primary reason people go to work.
*   **C) kill animals:** This is only relevant to a tiny fraction of jobs (e.g., pest control, specific agricultural roles) and is not a general aim for people at work.
*   **D) wear hats:** Wearing hats might be a requirement for some jobs (e.g., safety, hygiene, uniform), but it's never the *aim* of the work itself.
*   **E) talk to each other:** Communication is crucial for collaboration and getting work done, but talking is a *tool* or a *social aspect*, not the primary *aim* of work. People talk *in order to* complete their job.

**Step-by-step thinking:**

1.  **Identify the core purpose of employment:** Why do people have jobs? To perform tasks and contribute to an organization's goals.
2.  **Evaluate options against this core purpose:**
    *   ""Complete job"" directly aligns with this.
    *   ""Learn from each other"" is beneficial but not the *primary* reason for employment.
    *   ""Kill animals"" is highly specific and not general.
    *   ""Wear hats"" is a superficial action, not a work aim.
    *   ""Talk to each other"" is a means, not an end.
3.  **Conclude the most encompassing and accurate answer:** The most fundamental aim for people at work is to fulfill their responsibilities and complete the tasks assigned to them.

Therefore, the best answer is:

**A) complete job**","The final answer is: (provide only the letter A, B, C, D, or E)",A,A,A,True,7189,
MultiArith_0,MultiArith,gemini-2.5-flash,zero_shot_cot,2025-07-29T13:10:16.410007,"For Halloween Debby and her sister combined the candy they received. Debby had 32 pieces of candy while her sister had 42. If they ate 35 pieces the first night, how many pieces do they have left?","For Halloween Debby and her sister combined the candy they received. Debby had 32 pieces of candy while her sister had 42. If they ate 35 pieces the first night, how many pieces do they have left?

Let's think step by step.","Let's break this down step by step:

1.  **Find the total amount of candy they had together.**
    *   Debby's candy: 32 pieces
    *   Sister's candy: 42 pieces
    *   Total candy = 32 + 42 = 74 pieces

2.  **Subtract the amount of candy they ate.**
    *   Total candy: 74 pieces
    *   Candy eaten: 35 pieces
    *   Candy left = 74 - 35 = 39 pieces

They have **39** pieces of candy left.",The final answer is: (provide only the number),39,39,39,True,3384,
MultiArith_1,MultiArith,gemini-2.5-flash,zero_shot_cot,2025-07-29T13:10:19.795997,A pet store had 13 siamese cats and 5 house cats. During a sale they sold 10 cats. How many cats do they have left?,"A pet store had 13 siamese cats and 5 house cats. During a sale they sold 10 cats. How many cats do they have left?

Let's think step by step.","Let's break it down:

1.  **Find the total number of cats the store had initially:**
    *   Siamese cats: 13
    *   House cats: 5
    *   Total cats = 13 + 5 = 18 cats

2.  **Calculate how many cats are left after the sale:**
    *   Total cats initially: 18
    *   Cats sold: 10
    *   Cats left = 18 - 10 = 8 cats

They have **8** cats left.",The final answer is: (provide only the number),8,8,8,True,3680,
SingleEq_0,SingleEq,gemini-2.5-flash,zero_shot_cot,2025-07-29T13:10:23.476292,Joan found 70 seashells on the beach. she gave Sam some of her seashells. She has 27 seashell left. How many seashells did she give to Sam ?,"Joan found 70 seashells on the beach. she gave Sam some of her seashells. She has 27 seashell left. How many seashells did she give to Sam ?

Let's think step by step.","Let's break it down:

1.  **Starting amount:** Joan had 70 seashells.
2.  **Ending amount:** Joan has 27 seashells left.
3.  **What happened in between?** She gave some away.

To find out how many she gave away, we need to find the difference between what she started with and what she ended up with.

**Calculation:**
70 (starting seashells) - 27 (seashells left) = 43 (seashells given to Sam)

**Answer:** Joan gave 43 seashells to Sam.",The final answer is: (provide only the number),43,43,43,True,4606,
SingleEq_1,SingleEq,gemini-2.5-flash,zero_shot_cot,2025-07-29T13:10:28.082970,There were 28 bales of hay in the barn. Tim stacked more bales in the barn today. There are now 54 bales of hay in the barn. How many bales did he store in the barn ?,"There were 28 bales of hay in the barn. Tim stacked more bales in the barn today. There are now 54 bales of hay in the barn. How many bales did he store in the barn ?

Let's think step by step.","Let's break it down:

1.  **Starting amount:** There were 28 bales.
2.  **Ending amount:** There are now 54 bales.
3.  **What we want to find:** How many bales were added.

To find out how many were added, we subtract the starting amount from the ending amount.

54 (total now) - 28 (started with) = 26 (bales added)

**Answer:** Tim stored 26 bales in the barn.",The final answer is: (provide only the number),26,26,26,True,3368,
coin_flip_0,coin_flip,gemini-2.5-flash,zero_shot_cot,2025-07-29T13:10:31.450970,"A coin is heads up. Whitney flips the coin. Erika does not flip the coin. Tj does not flip the coin. Benito flips the coin. Is the coin still heads up? Note that ""flip"" here means ""reverse"".","A coin is heads up. Whitney flips the coin. Erika does not flip the coin. Tj does not flip the coin. Benito flips the coin. Is the coin still heads up? Note that ""flip"" here means ""reverse"".

Let's think step by step.","Let's track the state of the coin step by step:

1.  **Initial State:** The coin is **Heads up**.

2.  **Whitney flips the coin:** Since ""flip"" means ""reverse"", the coin changes from Heads to Tails.
    *   Coin is now **Tails up**.

3.  **Erika does not flip the coin:** Erika's action has no effect on the coin's state.
    *   Coin is still **Tails up**.

4.  **Tj does not flip the coin:** Tj's action also has no effect.
    *   Coin is still **Tails up**.

5.  **Benito flips the coin:** Benito reverses the coin again. It changes from Tails to Heads.
    *   Coin is now **Heads up**.

**Conclusion:** Yes, the coin is still heads up.",The final answer is: (provide only yes or no),Yes,yes,yes,True,3946,
coin_flip_1,coin_flip,gemini-2.5-flash,zero_shot_cot,2025-07-29T13:10:35.397256,"A coin is heads up. Lucky does not flip the coin. Mireya flips the coin. Jj flips the coin. Kc flips the coin. Is the coin still heads up? Note that ""flip"" here means ""reverse"".","A coin is heads up. Lucky does not flip the coin. Mireya flips the coin. Jj flips the coin. Kc flips the coin. Is the coin still heads up? Note that ""flip"" here means ""reverse"".

Let's think step by step.","Let's track the state of the coin step by step:

1.  **Initial State:** The coin is heads up. (H)

2.  **Lucky:** ""Lucky does not flip the coin.""
    *   The coin remains heads up. (H)

3.  **Mireya:** ""Mireya flips the coin.""
    *   The coin was heads up (H). Flipping it reverses it to tails up. (T)

4.  **Jj:** ""Jj flips the coin.""
    *   The coin was tails up (T). Flipping it reverses it to heads up. (H)

5.  **Kc:** ""Kc flips the coin.""
    *   The coin was heads up (H). Flipping it reverses it to tails up. (T)

**Conclusion:**
After all the actions, the coin is **tails up**.

So, the answer to ""Is the coin still heads up?"" is **No**.",The final answer is: (provide only yes or no),No,no,no,True,4789,
grade-school-math_0,grade-school-math,gemini-2.5-flash,zero_shot_cot,2025-07-29T13:10:40.186732,Janet’s ducks lay 16 eggs per day. She eats three for breakfast every morning and bakes muffins for her friends every day with four. She sells the remainder at the farmers' market daily for $2 per fresh duck egg. How much in dollars does she make every day at the farmers' market?,"Janet’s ducks lay 16 eggs per day. She eats three for breakfast every morning and bakes muffins for her friends every day with four. She sells the remainder at the farmers' market daily for $2 per fresh duck egg. How much in dollars does she make every day at the farmers' market?

Let's think step by step.","Let's think step by step:

1.  **Start with the total number of eggs laid:** Janet's ducks lay 16 eggs per day.
2.  **Subtract the eggs she eats for breakfast:** 16 eggs - 3 eggs = 13 eggs remaining.
3.  **Subtract the eggs she uses for muffins:** 13 eggs - 4 eggs = 9 eggs remaining.
4.  **These remaining eggs are what she sells at the farmers' market:** So, she sells 9 eggs.
5.  **Calculate the money she makes from selling these eggs:** 9 eggs * $2/egg = $18.

Janet makes **$18** every day at the farmers' market.",The final answer is: (provide only the number),18,18,18,True,3255,
grade-school-math_1,grade-school-math,gemini-2.5-flash,zero_shot_cot,2025-07-29T13:10:43.441770,A robe takes 2 bolts of blue fiber and half that much white fiber.  How many bolts in total does it take?,"A robe takes 2 bolts of blue fiber and half that much white fiber.  How many bolts in total does it take?

Let's think step by step.","Let's break this down step by step:

1.  **Blue Fiber:** The problem states a robe takes **2 bolts of blue fiber**.

2.  **White Fiber:** The problem states it takes ""half that much white fiber."" ""That much"" refers to the blue fiber amount.
    *   Half of 2 bolts = 2 / 2 = **1 bolt of white fiber**.

3.  **Total Fiber:** To find the total, we add the blue fiber and the white fiber.
    *   Total = Blue Fiber + White Fiber
    *   Total = 2 bolts + 1 bolt = **3 bolts**

**Answer:** It takes a total of **3 bolts** of fiber for one robe.",The final answer is: (provide only the number),3,3,3,True,4136,
last_letters_0,last_letters,gemini-2.5-flash,zero_shot_cot,2025-07-29T13:10:47.578712,"Take the last letters of each words in ""Whitney Erika Tj Benito"" and concatenate them.","Take the last letters of each words in ""Whitney Erika Tj Benito"" and concatenate them.

Let's think step by step.","Let's break it down step by step:

1.  **Whitney**: The last letter is **y**
2.  **Erika**: The last letter is **a**
3.  **Tj**: The last letter is **j**
4.  **Benito**: The last letter is **o**

Concatenating them gives us: **yajo**",The final answer is: (provide only the letters),yajo,yajo,yajo,True,3253,
last_letters_1,last_letters,gemini-2.5-flash,zero_shot_cot,2025-07-29T13:10:50.832229,"Take the last letters of each words in ""Lucky Mireya Jj Kc"" and concatenate them.","Take the last letters of each words in ""Lucky Mireya Jj Kc"" and concatenate them.

Let's think step by step.","Let's break it down step by step:

1.  **Lucky**: The last letter is **y**
2.  **Mireya**: The last letter is **a**
3.  **Jj**: The last letter is **j**
4.  **Kc**: The last letter is **c**

Concatenating them: **yajc**",The final answer is: (provide only the letters),yajc,yajc,yajc,True,4000,
